Workbook

Sheet README
A1: ENR108 Lab 3 - Simulation of Tensile Testing Using ANSYS Mechanical
A2: © ENR108 Section 3 · Group S3G6 · Ahmedabad University · Lab 3
A4: Sheets
A5: Inputs | B5: Load, geometry and material properties (blue = input values)
A6: Results_FEA | B6: ANSYS results for all 4 materials (Step 16 comparison data)
A7: Validation | B7: Hand calculations (formulas) vs ANSYS, % error and factor of safety
A8: Path_Distribution | B8: Stress, strain and deformation along the centre-line, per material
A9: Mesh_Convergence | B9: Structural Steel results for element sizes 6 mm to 1 mm
A10: Charts | B10: Native Excel charts of the comparison
A12: Legend
A13: Blue text | B13: Hard-coded input (from ANSYS library or lab handout)
A14: Black text | B14: Formula
A16: Software | B16: ANSYS Student 2026 R1 (Workbench + Mechanical), Static Structural
A17: Load case | B17: Fixed support at X = +82.5 mm end; Force X = -5000 N on X = -82.5 mm end
A18: Mesh (main runs) | B18: Default program-controlled mesh: 564 nodes, 63 elements
A19: Date of simulation | B19: 5 October 2026

Sheet Inputs
A1: Inputs: load, geometry and material properties
A2: Source: lab handout; geometry measured from tensile.IGS in ANSYS; materials from ANSYS General Materials library
A4: Parameter | B4: Value
A5: Applied force F (N) | B5: 5000
A6: Gauge width (mm) | B6: 13
A7: Thickness (mm) | B7: 3
A8: Grip width (mm) | B8: 19
A9: Overall length (mm) | B9: 165
A10: Gauge length (mm) | B10: 57
A11: Grip length, both ends (mm) | B11: 65.71
A12: Fillet length, both ends (mm) | B12: 42.2
A13: Fillet average width (mm) | B13: 16
A14: Gauge area A (mm²) | B14: =B6*B7 -> 39
A15: Grip area (mm²) | B15: =B8*B7 -> 57
A16: Fillet average area (mm²) | B16: =B13*B7 -> 48
A17: Σ(L/A) for elongation (1/mm) | B17: =B11/B15+B12/B16+B10/B14 -> 3.4935121
A18: Nominal gauge stress F/A (MPa) | B18: =B5/B14 -> 128.20513
A21: Material | B21: Young's modulus E (GPa) | C21: Poisson's ratio | D21: Density (kg/m³) | E21: Tensile yield (MPa) | F21: Tensile ultimate (MPa) | G21: Strength used for FoS (MPa) | H21: Basis
A22: Structural Steel | B22: 200 | C22: 0.3 | D22: 7850 | E22: 250 | F22: 460 | G22: 250 | H22: Tensile yield
A23: Aluminum Alloy | B23: 71 | C23: 0.33 | D23: 2770 | E23: 280 | F23: 310 | G23: 280 | H23: Tensile yield
A24: Polyethylene | B24: 1.1 | C24: 0.42 | D24: 950 | E24: 25 | F24: 33 | G24: 25 | H24: Tensile yield
A25: Concrete | B25: 30 | C25: 0.18 | D25: 2300 | E25: n/a (brittle) | F25: 5 | G25: 5 | H25: Tensile ultimate (brittle)

Sheet Results_FEA
A1: ANSYS results - Step 16 comparison (default mesh)
A2: Max/Min/Avg over the whole body. Units: mm, mm/mm, MPa, N
A4: Material | B4: Max total deformation (mm) | C4: Min total deformation (mm) | D4: Avg total deformation (mm) | E4: Max equiv. strain (mm/mm) | F4: Min equiv. strain (mm/mm) | G4: Avg equiv. strain (mm/mm) | H4: Max von Mises stress (MPa) | I4: Min von Mises stress (MPa) | J4: Avg von Mises stress (MPa) | K4: Directional def. X min (mm) | L4: Max normal stress X (MPa) | M4: Reaction force X (N) | N4: Nodes | O4: Elements
A5: Structural Steel | B5: 0.089396094 | C5: 0 | D5: 0.044644078 | E5: 0.00065882656 | F5: 0.00032668732 | G5: 0.00053750185 | H5: 131.76532 | I5: 65.337464 | J5: 107.50037 | K5: -0.089387178 | L5: 131.93116 | M5: 5000 | N5: 564 | O5: 63
A6: Aluminum Alloy | B6: 0.25173241 | C6: 0 | D6: 0.12568079 | E6: 0.0018557757 | F6: 0.00089117426 | G6: 0.0015138877 | H6: 131.76007 | I6: 63.273372 | J6: 107.48602 | K6: -0.25170219 | L6: 131.93925 | M6: 5000 | N6: 564 | O6: 63
A7: Polyethylene | B7: 16.227191 | C7: 0 | D7: 8.093613 | E7: 0.11976803 | F7: 0.052072931 | G7: 0.09769217 | H7: 131.74483 | I7: 57.280222 | J7: 107.46139 | K7: -16.224073 | L7: 131.98467 | M7: 5000 | N7: 564 | O7: 63
A8: Concrete | B8: 0.59659043 | C8: 0 | D8: 0.29816934 | E8: 0.0043929411 | F8: 0.0023451773 | G8: 0.003586206 | H8: 131.78823 | I8: 70.35532 | J8: 107.58618 | K8: -0.5965693 | L8: 131.91224 | M8: 5000 | N8: 564 | O8: 63
A10: Ratio to steel
A11: Material | B11: Deformation / steel | C11: Strain / steel | D11: Stress / steel | E11: E_steel / E
A12: =A5 -> Structural Steel | B12: =B5/$B$5 -> 1 | C12: =E5/$E$5 -> 1 | D12: =H5/$H$5 -> 1 | E12: =Inputs!$B$22/Inputs!B22 -> 1
A13: =A6 -> Aluminum Alloy | B13: =B6/$B$5 -> 2.8159218 | C13: =E6/$E$5 -> 2.8167894 | D13: =H6/$H$5 -> 0.99996021 | E13: =Inputs!$B$22/Inputs!B23 -> 2.8169014
A14: =A7 -> Polyethylene | B14: =B7/$B$5 -> 181.52014 | C14: =E7/$E$5 -> 181.78993 | D14: =H7/$H$5 -> 0.99984456 | E14: =Inputs!$B$22/Inputs!B24 -> 181.81818
A15: =A8 -> Concrete | B15: =B8/$B$5 -> 6.6735626 | C15: =E8/$E$5 -> 6.6678263 | D15: =H8/$H$5 -> 1.0001739 | E15: =Inputs!$B$22/Inputs!B25 -> 6.6666667
A17: Deformation/steel matches E_steel/E: deformation is inversely proportional to Young's modulus.

Sheet Validation
A1: Validation: hand calculation vs ANSYS
A2: σ = F/A; ε = σ/E; ΔL = (F/E)·Σ(L/A); FoS = strength / peak stress
A4: Material | B4: E (MPa) | C4: Hand stress (MPa) | D4: ANSYS max stress (MPa) | E4: Stress error % | F4: Hand strain | G4: ANSYS max strain | H4: Strain error % | I4: Hand deformation (mm) | J4: ANSYS max deformation (mm) | K4: Deformation error % | L4: Strength (MPa) | M4: Factor of safety | N4: Safe? (FoS > 1)
A5: =Inputs!A22 -> Structural Steel | B5: =Inputs!B22*1000 -> 200000 | C5: =Inputs!$B$18 -> 128.20513 | D5: =Results_FEA!H5 -> 131.76532 | E5: =(D5-C5)/C5 -> 0.027769458 | F5: =C5/B5 -> 0.00064102564 | G5: =Results_FEA!E5 -> 0.00065882656 | H5: =(G5-F5)/F5 -> 0.027769429 | I5: =Inputs!$B$5/B5*Inputs!$B$17 -> 0.087337804 | J5: =Results_FEA!B5 -> 0.089396094 | K5: =(J5-I5)/I5 -> 0.023567004 | L5: =Inputs!G22 -> 250 | M5: =L5/D5 -> 1.8973127 | N5: =IF(M5>1,"Yes","No - fails") -> Yes
A6: =Inputs!A23 -> Aluminum Alloy | B6: =Inputs!B23*1000 -> 71000 | C6: =Inputs!$B$18 -> 128.20513 | D6: =Results_FEA!H6 -> 131.76007 | E6: =(D6-C6)/C6 -> 0.027728558 | F6: =C6/B6 -> 0.001805706 | G6: =Results_FEA!E6 -> 0.0018557757 | H6: =(G6-F6)/F6 -> 0.027728573 | I6: =Inputs!$B$5/B6*Inputs!$B$17 -> 0.24602198 | J6: =Results_FEA!B6 -> 0.25173241 | K6: =(J6-I6)/I6 -> 0.023211056 | L6: =Inputs!G23 -> 280 | M6: =L6/D6 -> 2.1250747 | N6: =IF(M6>1,"Yes","No - fails") -> Yes
A7: =Inputs!A24 -> Polyethylene | B7: =Inputs!B24*1000 -> 1100 | C7: =Inputs!$B$18 -> 128.20513 | D7: =Results_FEA!H7 -> 131.74483 | E7: =(D7-C7)/C7 -> 0.027609699 | F7: =C7/B7 -> 0.11655012 | G7: =Results_FEA!E7 -> 0.11976803 | H7: =(G7-F7)/F7 -> 0.027609719 | I7: =Inputs!$B$5/B7*Inputs!$B$17 -> 15.879601 | J7: =Results_FEA!B7 -> 16.227191 | K7: =(J7-I7)/I7 -> 0.021889119 | L7: =Inputs!G24 -> 25 | M7: =L7/D7 -> 0.18976076 | N7: =IF(M7>1,"Yes","No - fails") -> No - fails
A8: =Inputs!A25 -> Concrete | B8: =Inputs!B25*1000 -> 30000 | C8: =Inputs!$B$18 -> 128.20513 | D8: =Results_FEA!H8 -> 131.78823 | E8: =(D8-C8)/C8 -> 0.027948192 | F8: =C8/B8 -> 0.0042735043 | G8: =Results_FEA!E8 -> 0.0043929411 | H8: =(G8-F8)/F8 -> 0.02794821 | I8: =Inputs!$B$5/B8*Inputs!$B$17 -> 0.58225202 | J8: =Results_FEA!B8 -> 0.59659043 | K8: =(J8-I8)/I8 -> 0.024625771 | L8: =Inputs!G25 -> 5 | M8: =L8/D8 -> 0.037939655 | N8: =IF(M8>1,"Yes","No - fails") -> No - fails
A10: Errors of ~2-3% come from stress concentration at the fillet, the coarse default mesh and the fillet approximation in the hand calculation.

Sheet Path_Distribution
A1: Distribution along the centre-line (X = -82.5 to +82.5 mm, Y = Z = 0)
A2: Exported from ANSYS path results, 152 points per material
A4: X position (mm) | B4: Steel stress (MPa) | C4: Steel strain | D4: Steel deformation (mm) | E4: Aluminium stress (MPa) | F4: Aluminium strain | G4: Aluminium deformation (mm) | H4: Polyethylene stress (MPa) | I4: Polyethylene strain | J4: Polyethylene deformation (mm) | K4: Concrete stress (MPa) | L4: Concrete strain | M4: Concrete deformation (mm)
A5: -82.5 | B5: 87.692 | C5: 0.00043846 | D5: 0.089387 | E5: 87.692 | F5: 0.0012351 | G5: 0.2517 | H5: 87.694 | I5: 0.079722 | J5: 16.224 | K5: 87.691 | L5: 0.002923 | M5: 0.59657
A6: -81.4073 | B6: 87.694 | C6: 0.00043847 | D6: 0.088907 | E6: 87.695 | F6: 0.0012351 | G6: 0.25035 | H6: 87.697 | I6: 0.079725 | J6: 16.137 | K6: 87.693 | L6: 0.0029231 | M6: 0.59337
A7: -80.3146 | B7: 87.697 | C7: 0.00043848 | D7: 0.088428 | E7: 87.697 | F7: 0.0012352 | G7: 0.249 | H7: 87.7 | I7: 0.079728 | J7: 16.05 | K7: 87.695 | L7: 0.0029232 | M7: 0.59018
A8: -79.2219 | B8: 87.699 | C8: 0.0004385 | D8: 0.087949 | E8: 87.7 | F8: 0.0012352 | G8: 0.24765 | H8: 87.703 | I8: 0.07973 | J8: 15.963 | K8: 87.698 | L8: 0.0029233 | M8: 0.58698
A9: -78.1291 | B9: 87.702 | C9: 0.00043851 | D9: 0.08747 | E9: 87.703 | F9: 0.0012352 | G9: 0.2463 | H9: 87.706 | I9: 0.079733 | J9: 15.876 | K9: 87.7 | L9: 0.0029233 | M9: 0.58379
A10: -77.0364 | B10: 87.704 | C10: 0.00043852 | D10: 0.086991 | E10: 87.705 | F10: 0.0012353 | G10: 0.24495 | H10: 87.709 | I10: 0.079736 | J10: 15.788 | K10: 87.702 | L10: 0.0029234 | M10: 0.58059
A11: -75.9437 | B11: 87.707 | C11: 0.00043853 | D11: 0.086512 | E11: 87.708 | F11: 0.0012353 | G11: 0.2436 | H11: 87.712 | I11: 0.079738 | J11: 15.701 | K11: 87.704 | L11: 0.0029235 | M11: 0.5774
A12: -74.851 | B12: 87.71 | C12: 0.00043855 | D12: 0.086033 | E12: 87.711 | F12: 0.0012354 | G12: 0.24225 | H12: 87.715 | I12: 0.079741 | J12: 15.614 | K12: 87.706 | L12: 0.0029235 | M12: 0.5742
A13: -73.7583 | B13: 87.691 | C13: 0.00043846 | D13: 0.085554 | E13: 87.692 | F13: 0.0012351 | G13: 0.2409 | H13: 87.697 | I13: 0.079724 | J13: 15.527 | K13: 87.687 | L13: 0.0029229 | M13: 0.57101
A14: -72.6656 | B14: 87.65 | C14: 0.00043825 | D14: 0.085075 | E14: 87.651 | F14: 0.0012345 | G14: 0.23955 | H14: 87.655 | I14: 0.079687 | J14: 15.44 | K14: 87.646 | L14: 0.0029215 | M14: 0.56782
A15: -71.573 | B15: 87.609 | C15: 0.00043804 | D15: 0.084596 | E15: 87.61 | F15: 0.0012339 | G15: 0.23821 | H15: 87.614 | I15: 0.079649 | J15: 15.353 | K15: 87.605 | L15: 0.0029202 | M15: 0.56463
A16: -70.48 | B16: 87.568 | C16: 0.00043784 | D16: 0.084117 | E16: 87.569 | F16: 0.0012334 | G16: 0.23686 | H16: 87.572 | I16: 0.079611 | J16: 15.266 | K16: 87.563 | L16: 0.0029188 | M16: 0.56143
... A156: 82.5 | B156: 65.012 | C156: 0.00032506 | D156: 0 | E156: 62.854 | F156: 0.00088527 | G156: 0 | H156: 56.353 | I156: 0.05123 | J156: 0 | K156: 73.754 | L156: 0.0024585 | M156: 0

Sheet Mesh_Convergence
A1: Mesh convergence study - Structural Steel
A2: Body sizing applied to the whole specimen; default mesh shown for reference
A4: Element size (mm) | B4: Nodes | C4: Elements | D4: Max deformation (mm) | E4: Max equiv. strain | F4: Max von Mises stress (MPa) | G4: Change in stress vs previous
A5: Default | B5: 564 | C5: 63 | D5: 0.089396094 | E5: 0.00065882656 | F5: 131.76532
A6: 6 | B6: 1013 | C6: 120 | D6: 0.089404229 | E6: 0.00066266427 | F6: 132.53286 | G6: =(F6-F5)/F5 -> 0.0058250577
A7: 4 | B7: 1828 | C7: 225 | D7: 0.089409726 | E7: 0.00066996473 | F7: 133.99295 | G7: =(F7-F6)/F6 -> 0.011016846
A8: 3 | B8: 3116 | C8: 399 | D8: 0.089412744 | E8: 0.00067231704 | F8: 134.46341 | G8: =(F8-F7)/F7 -> 0.0035110714
A9: 2 | B9: 10115 | C9: 1700 | D9: 0.089416997 | E9: 0.00067298742 | F9: 134.59749 | G9: =(F9-F8)/F8 -> 0.00099714152
A10: 1.5 | B10: 17021 | C10: 2912 | D10: 0.089418323 | E10: 0.00067703393 | F10: 135.40679 | G10: =(F10-F9)/F9 -> 0.0060127715
A11: 1 | B11: 49648 | C11: 9519 | D11: 0.089421236 | E11: 0.00077961849 | F11: 155.9237 | G11: =(F11-F10)/F10 -> 0.15152054

Sheet Charts
A1: Charts
A2: © ENR108 Section 3 · Group S3G6 · Ahmedabad University · Lab 3
